Type,Name,Request Count,Failure Count,Median Response Time,Average Response Time,Min Response Time,Max Response Time,Average Content Size,Requests/s,Failures/s,50%,66%,75%,80%,90%,95%,98%,99%,99.9%,99.99%,100%
GET,GET /home (busca),48980,15,78,217.57432973877047,23.680000042077154,27445.38480002666,5797.546325030625,54.32882061313522,0.016638062662250475,78,91,100,110,160,220,2600,4800,12000,20000,27000
GET,GET /home (conscious_buyer),48948,8,76,111.41877615020701,28.010200010612607,24937.861199956387,5993.831086050503,54.29332607945575,0.008873633419866921,76,87,96,100,130,170,220,280,7400,13000,25000
GET,"GET /home (default, com selo)",43484,11,76,86.8854827568492,27.585200034081936,1771.8343999586068,5943.014810045074,48.23263445368665,0.012201245952317016,76,86,95,100,130,170,210,250,530,1500,1800
GET,"GET /home (default, sem selo)",82914,17,76,86.48837961377555,25.652100041043013,1771.5343000018038,5698.835624864318,91.96855517185573,0.018856471017217206,76,86,95,100,130,170,210,250,520,1600,1800
GET,GET /home (electronics_expert),48529,15,76,111.43689868123269,22.37819996662438,22099.023399990983,5918.816913598055,53.828569529090224,0.016638062662250475,76,87,96,100,130,170,220,290,6700,15000,22000
GET,GET /products/{id},58527,1,720,1278.9133034309136,41.52779997093603,30187.516600009985,762.2886872725409,64.91839289556891,0.0011092041774833652,720,1300,1800,2200,3300,4700,6700,8500,16000,24000,30000
POST,POST /checkout/simulate,39090,1,780,1328.6612074493694,70.27739996556193,30115.824799984694,3110.3766692248655,43.35879129782474,0.0011092041774833652,780,1300,1800,2300,3400,4800,6700,8400,15000,21000,30000
GET,[setup] home,100,0,6600,7180.884572002105,411.3124000141397,23160.230199981015,5764.01,0.11092041774833651,0.0,6600,9400,9800,10000,13000,15000,22000,23000,23000,23000,23000
,Aggregated,370572,68,86,431.6949958105348,22.37819996662438,30187.516600009985,4755.618171367508,411.04001045836554,0.07542588406886883,86,110,140,170,1200,2400,4100,5600,12000,20000,30000
