t_s,api_cpu_pct_de_um_nucleo,sistema_cpu_pct
1,1.5,12.9
2,0.0,20.3
3,0.0,11.5
4,15.5,17.2
5,56.2,16.0
6,24.9,13.6
7,45.2,15.5
8,48.2,15.7
9,46.9,15.8
10,66.3,31.6
11,58.5,20.3
12,61.6,19.9
13,70.1,19.1
14,65.5,21.0
15,65.6,26.2
16,68.6,22.9
17,84.7,28.5
18,78.7,23.4
19,85.9,24.7
20,94.5,35.3
21,72.4,23.9
22,82.8,31.2
23,90.5,29.0
24,91.0,28.0
25,95.7,31.4
26,101.6,31.2
27,100.2,33.8
28,98.9,34.4
29,62.3,26.6
30,88.1,39.1
31,92.4,37.4
32,80.1,24.8
33,98.9,33.4
34,102.0,41.4
35,100.4,37.9
36,91.0,46.8
37,100.0,32.4
38,89.2,32.2
39,87.9,32.6
40,97.8,43.8
41,70.1,26.1
42,97.2,32.1
43,97.6,43.5
44,75.5,29.5
45,101.5,37.5
46,94.2,33.2
47,64.7,23.2
48,84.7,37.5
49,100.4,32.2
50,96.0,35.7
51,94.1,44.6
52,98.8,34.5
53,79.6,26.7
54,95.8,34.4
55,100.1,37.1
56,95.8,30.0
58,98.8,33.7
59,97.2,32.0
60,92.8,34.0
61,95.9,39.2
62,95.8,38.0
63,98.9,37.3
64,66.1,21.1
65,95.3,34.0
66,81.5,29.9
67,72.3,31.9
68,93.9,32.5
69,87.8,28.1
70,94.0,34.7
71,100.7,31.1
72,100.4,45.6
73,94.0,35.8
74,70.9,36.8
75,98.2,31.0
76,91.1,32.1
77,98.7,38.4
78,97.4,51.2
79,98.5,47.9
80,92.7,38.9
81,92.3,28.4
82,97.3,36.4
83,90.5,31.7
84,85.9,38.9
85,57.7,26.1
86,81.2,23.3
87,97.3,38.8
88,95.2,30.5
89,98.5,31.6
90,89.3,43.2
91,97.9,31.9
92,87.5,31.6
93,89.6,39.5
94,94.4,37.7
95,95.2,28.4
96,93.7,27.9
97,93.9,36.2
98,97.1,37.6
99,97.0,28.8
100,99.1,41.3
101,49.3,26.0
102,93.0,29.6
103,92.0,30.8
104,100.0,50.5
105,83.5,27.7
106,92.6,39.5
107,97.7,34.7
108,95.7,31.1
109,71.0,30.3
110,60.1,26.9
111,95.8,36.5
112,92.5,35.2
113,89.7,32.5
114,100.4,35.4
115,87.4,34.9
116,90.8,28.7
117,92.5,36.0
118,98.6,36.1
119,97.3,38.6
120,100.5,33.6
121,94.1,30.8
122,78.8,36.0
123,46.7,24.6
124,98.2,31.7
125,97.1,31.6
126,98.2,32.2
127,100.4,36.7
128,95.7,36.6
129,86.3,30.4
130,97.3,41.9
131,100.3,35.9
132,88.8,30.6
133,95.5,33.6
134,89.6,33.8
135,90.6,36.1
136,98.8,30.9
137,99.8,32.8
138,98.5,38.3
139,95.5,35.1
140,92.6,31.8
141,97.0,29.4
142,98.4,35.9
143,94.1,33.2
144,95.0,33.7
145,98.7,41.0
146,87.8,36.0
147,87.3,30.8
148,89.4,40.7
149,71.7,23.2
150,100.2,46.1
151,49.9,23.8
152,90.9,29.6
153,92.9,36.9
154,97.1,37.2
155,103.2,34.4
157,92.4,30.0
158,100.3,32.6
159,97.0,27.7
160,101.8,38.1
161,97.2,40.9
162,87.7,31.2
163,97.1,41.8
164,67.2,28.7
165,95.4,39.9
166,101.8,35.3
167,77.0,29.7
168,94.1,31.8
169,100.0,39.0
170,56.1,28.7
171,100.4,32.9
172,95.5,34.2
173,98.6,32.6
174,83.2,37.2
175,100.6,34.8
176,57.7,26.5
177,97.2,33.3
178,87.2,29.3
179,89.4,33.2
180,86.8,40.6
181,68.7,29.7
182,98.2,37.0
183,97.2,36.8
184,99.7,26.7
185,97.1,41.7
186,86.3,31.7
187,98.3,30.5
188,98.6,34.0
189,45.0,16.5
190,89.8,33.9
191,85.0,38.1
192,95.7,31.2
193,92.3,35.0
194,70.2,20.4
195,92.6,42.6
196,89.2,37.7
197,83.3,24.8
198,67.1,28.3
199,80.2,25.4
200,88.0,40.6
201,97.3,32.7
202,98.6,32.6
203,74.0,33.6
204,101.7,33.0
205,95.7,31.3
206,71.3,47.4
207,97.4,37.1
208,77.4,31.3
209,100.0,29.2
210,82.0,29.3
211,100.3,38.3
212,98.5,38.9
213,84.6,29.0
214,92.7,33.0
215,89.3,25.7
216,92.7,35.7
217,95.4,34.7
218,98.2,33.5
219,87.7,33.2
220,102.4,42.6
221,94.2,31.5
222,84.8,31.4
223,100.0,34.5
224,100.2,40.8
225,76.4,23.9
226,100.2,36.5
227,97.3,34.6
228,96.7,27.9
229,98.1,33.1
230,81.7,28.6
231,100.4,40.8
232,100.3,38.4
233,98.5,29.9
234,92.4,37.2
235,95.6,40.0
236,84.7,28.0
237,84.8,35.0
238,93.9,30.5
239,98.7,35.0
240,98.9,35.9
241,98.9,35.8
242,102.0,34.3
243,95.2,30.2
244,73.3,31.5
245,70.9,24.8
246,97.2,40.1
247,59.2,21.9
248,98.9,32.1
249,98.4,30.8
250,74.1,37.2
252,96.9,35.0
253,91.4,38.0
254,89.3,23.5
255,94.1,28.0
256,73.9,36.2
257,100.1,34.7
258,91.0,33.6
259,81.6,34.9
260,57.6,19.9
261,100.3,34.8
262,97.1,32.0
263,98.8,37.3
264,90.8,38.7
265,101.9,33.6
266,83.1,24.8
267,99.1,48.0
268,100.2,32.4
269,98.7,37.5
270,87.9,35.3
271,86.4,40.5
272,95.9,37.3
273,100.2,31.4
274,77.3,34.4
275,56.1,17.5
276,100.0,38.4
277,49.8,25.7
278,87.9,26.9
279,96.9,36.1
280,78.5,33.4
281,95.6,45.1
282,57.0,25.7
283,103.5,31.7
284,97.4,40.0
285,97.4,32.4
286,81.7,24.5
287,95.6,34.0
288,98.9,38.1
289,96.3,35.9
290,85.0,27.9
291,84.8,35.2
292,101.7,37.3
293,86.6,35.0
294,92.2,29.6
295,100.2,32.3
296,95.2,36.0
297,97.7,41.6
298,97.2,29.9
299,80.3,33.3
300,62.4,23.4
301,98.6,44.7
302,97.0,39.9
303,96.9,35.8
304,106.1,29.3
305,98.7,32.4
306,95.5,32.3
307,99.2,39.1
308,97.0,43.7
309,78.1,23.0
310,97.3,41.0
311,100.4,32.6
312,92.8,35.7
313,95.7,40.5
314,94.1,31.6
315,91.0,32.2
316,97.2,33.6
317,93.8,28.7
318,82.7,41.2
319,95.5,38.5
320,72.4,31.1
321,95.8,39.9
322,92.5,33.1
323,100.5,30.3
324,59.1,23.4
325,56.2,20.7
326,93.8,34.4
327,98.5,30.9
328,94.1,39.4
329,76.9,35.5
330,80.1,27.7
331,97.1,42.9
332,95.7,36.4
333,97.6,39.0
334,89.2,38.4
335,49.7,19.2
336,74.9,26.6
338,98.7,36.5
339,92.6,31.2
340,95.6,31.6
341,97.8,32.4
342,97.4,30.7
343,89.8,39.5
344,100.1,42.1
345,94.2,27.4
346,63.3,29.8
347,81.2,22.5
348,89.3,35.6
349,97.1,36.7
350,100.3,32.8
351,99.6,39.3
352,97.0,31.2
353,96.8,30.8
354,100.2,36.1
355,96.9,24.7
356,91.2,30.9
357,80.5,32.3
358,88.9,24.0
359,94.0,43.2
360,87.9,30.9
361,99.0,36.3
362,94.2,29.8
363,74.0,34.6
364,79.5,25.5
365,92.3,36.8
366,100.4,36.3
367,90.6,29.6
368,91.3,35.7
369,98.5,41.1
370,91.0,35.9
371,96.9,40.9
372,79.6,31.9
373,98.8,31.6
374,67.8,32.6
375,85.8,24.2
376,90.5,38.3
377,100.3,30.5
378,96.8,34.8
379,101.8,33.1
380,86.5,41.2
381,87.9,31.5
382,94.3,36.2
383,95.5,35.6
384,101.5,36.4
385,95.5,30.4
386,97.4,35.1
387,96.9,34.3
388,100.2,34.3
389,94.0,37.5
390,76.6,32.3
391,99.1,54.8
392,100.3,64.5
393,94.2,37.4
394,97.8,40.6
395,98.4,30.7
396,75.6,31.0
397,40.5,19.0
398,96.9,33.1
399,97.1,35.8
400,96.0,39.8
401,93.9,37.7
402,83.1,28.2
403,96.1,43.8
404,101.8,38.0
405,97.4,35.4
406,71.8,25.0
407,94.1,41.5
408,102.9,29.5
409,94.0,31.0
410,92.7,49.4
411,95.6,27.6
412,84.9,35.8
413,100.1,33.2
414,97.2,27.1
415,98.9,34.7
416,82.7,24.0
417,98.5,31.4
418,64.0,25.6
419,66.8,16.7
420,94.4,49.9
421,78.6,34.4
422,99.1,40.2
423,93.9,35.4
424,97.4,30.3
425,94.4,28.2
426,94.1,33.9
427,95.6,31.1
428,95.7,31.0
429,90.9,35.3
430,100.5,35.1
431,69.3,30.6
432,96.0,29.3
433,98.7,35.2
434,80.2,33.7
435,65.6,25.6
437,98.8,38.1
438,92.4,35.9
439,98.8,31.5
440,93.6,42.9
441,97.8,43.3
442,92.6,27.4
443,98.8,31.2
444,95.6,35.7
445,92.8,35.7
446,95.5,29.8
447,92.5,33.1
448,95.4,32.3
449,97.0,40.5
450,92.4,45.3
451,98.7,37.5
452,89.7,39.5
453,92.1,30.1
454,63.2,29.8
455,94.0,27.5
456,91.1,31.5
457,95.4,32.8
458,80.0,23.9
459,74.7,31.8
460,92.7,31.8
461,95.9,42.2
462,67.8,31.5
463,74.9,20.9
464,95.5,49.1
465,97.0,35.8
466,92.4,30.2
467,92.7,35.7
468,98.7,32.9
469,90.8,31.6
470,99.2,37.5
471,100.5,32.4
472,91.2,33.2
473,96.9,35.6
474,46.8,20.8
475,92.4,30.3
476,87.9,30.7
477,84.6,40.9
478,100.1,34.9
479,97.2,31.2
480,94.5,37.7
481,95.4,31.5
482,92.8,39.9
483,100.1,37.7
484,86.2,30.0
485,97.4,37.3
486,97.4,59.1
487,100.3,44.9
488,98.7,39.6
489,98.6,34.6
490,101.8,37.8
491,103.5,40.8
492,78.5,32.0
493,96.1,27.9
494,100.1,40.0
495,92.5,29.4
496,65.6,28.3
497,98.9,29.5
498,97.3,29.8
499,92.5,29.1
500,78.5,34.2
501,100.7,37.9
502,95.4,37.0
503,76.5,27.3
504,77.9,21.7
505,98.6,35.9
506,92.5,38.1
507,91.1,39.2
508,99.8,37.8
509,96.1,48.0
510,93.2,52.6
511,68.2,83.0
512,75.0,95.7
513,93.5,78.0
514,73.9,71.1
515,95.2,54.6
516,81.0,40.0
517,92.1,30.2
518,82.6,24.8
519,87.3,38.3
520,101.2,40.6
521,90.1,43.6
522,91.9,35.4
523,99.7,34.2
524,73.1,37.3
525,84.8,30.5
526,96.8,40.7
527,94.9,31.5
528,96.7,39.0
529,101.4,30.4
530,101.7,44.7
531,94.2,39.2
532,94.9,32.3
534,97.1,33.6
535,90.3,27.4
536,90.6,27.5
537,98.2,34.9
538,98.2,34.2
539,98.3,43.5
540,98.2,31.7
541,93.9,38.5
542,94.2,36.5
543,95.4,31.7
544,87.1,40.0
545,93.9,35.4
546,93.5,27.6
547,91.9,31.1
548,98.3,29.6
549,98.2,38.1
550,78.0,30.7
551,99.9,42.5
552,96.3,33.7
553,91.8,30.3
554,95.1,31.9
555,98.1,36.4
556,92.1,33.8
557,96.8,31.7
558,79.4,39.4
559,70.3,18.7
560,95.2,31.5
561,96.1,35.1
562,99.8,34.2
563,99.7,34.5
564,98.6,47.8
565,96.7,48.3
566,91.1,69.7
567,92.0,74.5
568,83.1,79.7
569,95.5,72.0
570,90.5,65.6
571,93.0,63.7
572,95.0,54.3
573,88.9,72.5
574,88.7,74.4
575,85.5,80.5
576,82.6,72.9
577,95.5,58.8
578,88.1,62.4
579,85.8,75.8
580,85.8,74.0
581,80.0,86.9
582,92.0,61.1
583,95.7,57.8
584,97.9,48.2
585,80.0,39.0
586,97.0,47.1
587,85.1,47.7
588,71.5,24.6
589,98.6,42.6
590,91.3,37.7
591,97.8,50.7
592,85.7,34.5
593,95.5,34.3
594,100.6,48.0
595,83.1,59.3
596,100.2,44.5
597,82.1,35.8
598,79.3,24.7
599,98.1,44.7
600,85.7,54.4
601,94.2,51.5
602,87.4,59.8
603,82.5,45.1
604,90.0,59.1
605,94.0,58.7
606,90.5,72.9
607,94.9,37.7
608,88.2,66.9
609,84.3,61.6
610,85.7,54.1
611,96.2,46.8
612,93.2,49.2
613,95.3,61.5
614,87.1,33.2
615,98.3,48.4
616,92.5,59.8
617,87.9,41.5
618,91.2,62.4
619,88.0,60.1
620,86.8,34.0
621,91.9,61.0
622,87.7,58.9
623,96.5,54.6
624,96.9,45.8
625,96.2,43.2
626,94.6,42.3
627,98.4,36.7
628,100.6,36.6
629,75.9,49.5
