t_s,api_cpu_pct_de_um_nucleo,sistema_cpu_pct,na_tomada,workers_vivos
1,0.0,18.1,1,4
2,0.0,21.1,1,4
3,72.2,29.2,1,4
4,254.4,62.5,1,4
5,74.7,34.1,1,4
6,118.7,36.8,1,4
7,105.9,35.9,1,4
8,131.8,47.9,1,4
9,210.3,53.3,1,4
10,266.4,68.0,1,4
11,198.0,57.3,1,4
12,216.4,61.1,1,4
13,256.7,73.1,1,4
14,328.3,82.8,1,4
15,288.4,73.2,1,4
16,301.4,80.5,1,4
17,299.2,84.2,1,4
18,286.6,77.4,1,4
20,272.7,80.9,1,4
21,298.7,87.2,1,4
22,289.0,81.6,1,4
23,311.3,88.8,1,4
24,300.0,85.7,1,4
25,318.2,97.3,1,4
26,310.5,99.8,1,4
27,326.4,97.6,1,4
28,329.6,95.9,1,4
29,287.3,100.0,1,4
30,281.3,100.0,1,4
31,309.8,96.2,1,4
32,291.4,99.5,1,4
33,344.3,96.1,1,4
35,314.8,100.0,1,4
36,332.3,100.0,1,4
37,354.1,87.5,1,4
38,287.1,100.0,1,4
39,282.7,100.0,1,4
40,293.2,100.0,1,4
41,310.1,100.0,1,4
42,277.0,100.0,1,4
43,320.6,99.5,1,4
44,293.3,99.1,1,4
45,317.6,100.0,1,4
46,326.9,99.8,1,4
47,310.8,100.0,1,4
49,308.8,100.0,1,4
50,324.8,99.8,1,4
51,312.2,100.0,1,4
52,298.3,99.5,1,4
53,286.0,100.0,1,4
54,303.8,97.6,1,4
55,324.9,98.5,1,4
56,337.0,98.1,1,4
57,303.9,100.0,1,4
58,335.8,99.3,1,4
59,337.8,94.5,1,4
61,337.8,98.2,1,4
62,323.4,99.3,1,4
63,299.7,100.0,1,4
64,296.6,100.0,1,4
65,311.4,100.0,1,4
66,321.3,100.0,1,4
67,302.5,100.0,1,4
68,333.8,98.2,1,4
69,334.9,100.0,1,4
70,338.6,98.0,1,4
71,325.1,99.1,1,4
72,301.1,100.0,1,4
73,312.7,99.6,1,4
74,302.6,97.9,1,4
76,353.9,92.5,1,4
77,329.2,100.0,1,4
78,325.8,100.0,1,4
79,300.5,99.8,1,4
80,302.8,100.0,1,4
81,280.4,99.1,1,4
82,322.8,98.4,1,4
83,281.8,99.8,1,4
84,299.2,99.8,1,4
85,324.7,98.2,1,4
86,311.4,100.0,1,4
87,300.7,99.8,1,4
88,329.6,99.5,1,4
89,302.0,99.6,1,4
90,321.3,98.0,1,4
92,296.6,100.0,1,4
93,307.7,98.3,1,4
94,346.7,93.1,1,4
95,302.7,99.7,1,4
96,282.7,99.8,1,4
97,299.9,100.0,1,4
98,301.1,98.5,1,4
99,343.0,95.4,1,4
100,312.8,98.4,1,4
101,289.9,100.0,1,4
102,327.4,100.0,1,4
103,307.9,100.0,1,4
104,321.0,99.5,1,4
105,342.6,99.6,1,4
106,315.1,100.0,1,4
108,329.4,96.2,1,4
109,362.3,91.6,1,4
110,314.1,100.0,1,4
111,289.6,100.0,1,4
112,309.4,100.0,1,4
113,304.0,99.6,1,4
114,291.5,99.8,1,4
115,306.7,100.0,1,4
116,304.2,99.3,1,4
117,336.2,99.6,1,4
118,311.3,99.6,1,4
119,313.0,100.0,1,4
120,317.9,99.8,1,4
121,311.2,99.8,1,4
122,312.3,100.0,1,4
123,346.9,99.1,1,4
125,290.7,100.0,1,4
126,296.2,100.0,1,4
127,297.6,99.5,1,4
128,303.5,100.0,1,4
129,307.0,98.7,1,4
130,334.2,97.8,1,4
131,333.2,93.0,1,4
132,349.7,96.3,1,4
133,286.1,100.0,1,4
134,279.5,100.0,1,4
135,314.2,98.4,1,4
136,310.1,99.6,1,4
138,322.7,97.3,1,4
139,344.9,99.6,1,4
140,306.7,100.0,1,4
141,291.2,100.0,1,4
142,334.5,100.0,1,4
143,311.6,99.6,1,4
144,324.7,99.8,1,4
145,301.1,99.3,1,4
146,307.9,96.6,1,4
147,316.6,100.0,1,4
148,298.9,100.0,1,4
149,303.2,99.8,1,4
150,328.3,100.0,1,4
151,304.2,99.6,1,4
153,322.3,99.6,1,4
154,342.2,99.5,1,4
155,290.4,99.3,1,4
156,318.8,100.0,1,4
157,322.8,100.0,1,4
158,317.6,98.0,1,4
159,311.8,96.2,1,4
160,324.9,98.9,1,4
161,279.5,99.8,1,4
162,337.8,99.6,1,4
163,327.2,98.9,1,4
164,296.7,100.0,1,4
165,289.8,99.8,1,4
166,313.5,100.0,1,4
167,297.7,100.0,1,4
168,329.1,99.8,1,4
170,273.2,100.0,1,4
171,326.0,99.8,1,4
172,315.7,99.6,1,4
173,297.9,100.0,1,4
174,310.3,99.8,1,4
175,342.2,98.8,1,4
176,320.6,100.0,1,4
177,339.9,92.1,1,4
178,318.5,98.2,1,4
179,290.0,99.0,1,4
180,312.4,100.0,1,4
181,310.9,100.0,1,4
182,307.2,100.0,1,4
184,325.3,100.0,1,4
185,289.7,100.0,1,4
186,304.6,99.5,1,4
187,313.6,99.8,1,4
188,323.3,97.1,1,4
189,328.4,100.0,1,4
190,319.1,100.0,1,4
191,319.3,99.7,1,4
192,310.7,99.3,1,4
193,299.7,99.4,1,4
194,302.6,99.6,1,4
195,324.0,98.2,1,4
196,321.0,98.4,1,4
197,302.5,100.0,1,4
198,313.3,100.0,1,4
200,309.8,99.1,1,4
201,314.4,99.5,1,4
202,331.1,99.5,1,4
203,315.9,99.3,1,4
204,318.9,99.6,1,4
205,331.4,98.7,1,4
206,309.0,97.3,1,4
207,310.4,100.0,1,4
208,305.7,100.0,1,4
209,308.2,99.3,1,4
210,305.2,99.6,1,4
211,319.2,100.0,1,4
212,302.4,100.0,1,4
213,309.2,99.5,1,4
214,304.8,98.9,1,4
216,304.6,100.0,1,4
217,318.0,99.4,1,4
218,290.1,99.1,1,4
219,320.7,99.6,1,4
220,327.1,98.9,1,4
221,321.4,100.0,1,4
222,325.0,98.6,1,4
223,312.8,96.9,1,4
224,319.0,99.5,1,4
225,307.3,99.6,1,4
226,305.9,99.3,1,4
227,326.4,98.6,1,4
228,332.0,97.1,1,4
229,331.7,100.0,1,4
230,297.7,100.0,1,4
231,335.2,99.5,1,4
232,288.3,100.0,1,4
234,318.5,98.6,1,4
235,284.2,99.5,1,4
236,306.8,100.0,1,4
237,305.1,99.6,1,4
238,338.7,97.9,1,4
239,312.7,98.9,1,4
240,324.4,99.6,1,4
241,324.8,99.1,1,4
242,322.4,100.0,1,4
243,332.1,96.3,1,4
244,322.4,99.1,1,4
245,335.0,97.9,1,4
246,316.0,100.0,1,4
247,282.6,100.0,1,4
248,290.3,100.0,1,4
250,342.7,99.6,1,4
251,323.2,100.0,1,4
252,314.4,99.1,1,4
253,299.2,99.6,1,4
254,322.0,97.6,1,4
255,328.4,95.4,1,4
256,352.6,94.3,1,4
257,325.1,96.7,1,4
258,327.7,98.9,1,4
259,308.7,100.0,1,4
260,311.4,100.0,1,4
261,298.6,100.0,1,4
262,313.1,100.0,1,4
263,273.7,99.5,1,4
265,314.8,100.0,1,4
266,335.3,98.2,1,4
267,358.4,87.7,1,4
268,335.3,98.4,1,4
269,288.0,100.0,1,4
270,295.0,99.5,1,4
271,320.3,99.6,1,4
272,317.5,99.1,1,4
273,314.2,99.1,1,4
274,316.8,99.8,1,4
275,304.2,99.1,1,4
276,338.9,98.1,1,4
277,335.5,99.7,1,4
278,321.3,98.5,1,4
279,340.1,98.7,1,4
280,295.6,100.0,1,4
282,334.1,99.5,1,4
283,342.4,99.3,1,4
284,325.5,100.0,1,4
285,294.9,100.0,1,4
286,308.0,99.1,1,4
287,329.4,99.3,1,4
288,324.4,100.0,1,4
289,303.3,99.3,1,4
290,302.6,100.0,1,4
291,308.6,100.0,1,4
292,342.8,96.9,1,4
293,297.9,100.0,1,4
294,339.2,98.5,1,4
295,326.4,99.6,1,4
296,303.0,99.6,1,4
298,333.8,99.6,1,4
299,338.9,91.8,1,4
300,336.5,95.4,1,4
301,299.7,100.0,1,4
302,294.1,100.0,1,4
303,298.3,99.5,1,4
304,328.1,98.4,1,4
305,303.8,99.4,1,4
306,336.5,98.2,1,4
307,309.7,100.0,1,4
308,291.8,100.0,1,4
309,314.2,99.3,1,4
310,305.0,100.0,1,4
311,297.9,100.0,1,4
312,343.2,99.6,1,4
313,301.7,100.0,1,4
315,329.0,100.0,1,4
316,341.3,100.0,1,4
317,313.6,100.0,1,4
318,302.3,98.8,1,4
319,309.8,98.4,1,4
320,284.0,100.0,1,4
321,303.3,99.5,1,4
322,319.5,100.0,1,4
323,320.3,95.4,1,4
324,344.0,94.4,1,4
325,305.3,95.4,1,4
326,310.3,100.0,1,4
327,324.0,99.8,1,4
328,297.4,100.0,1,4
330,315.4,98.9,1,4
331,329.2,100.0,1,4
332,287.2,99.8,1,4
333,292.7,99.5,1,4
334,299.7,99.8,1,4
335,303.0,100.0,1,4
336,334.8,98.0,1,4
337,323.4,100.0,1,4
338,323.9,99.5,1,4
339,304.0,98.6,1,4
340,324.3,99.6,1,4
341,284.1,99.3,1,4
342,353.2,95.6,1,4
343,302.3,98.2,1,4
344,314.0,97.7,1,4
345,345.6,95.0,1,4
346,316.6,96.4,1,4
348,315.9,100.0,1,4
349,302.0,100.0,1,4
350,294.2,100.0,1,4
351,292.9,99.3,1,4
352,311.0,98.9,1,4
353,322.0,100.0,1,4
354,291.2,100.0,1,4
355,318.7,98.6,1,4
356,325.5,97.3,1,4
357,351.3,97.4,1,4
358,303.7,100.0,1,4
359,308.3,100.0,1,4
360,323.9,99.1,1,4
361,325.0,99.3,1,4
363,302.7,100.0,1,4
364,287.9,100.0,1,4
365,265.4,100.0,1,4
366,335.4,94.4,1,4
367,317.1,100.0,1,4
368,303.5,99.5,1,4
369,324.0,99.5,1,4
370,316.7,99.1,1,4
371,312.7,99.6,1,4
372,314.1,99.4,1,4
373,326.1,98.2,1,4
374,339.9,97.4,1,4
375,320.7,99.8,1,4
376,311.7,100.0,1,4
377,311.6,100.0,1,4
379,308.2,100.0,1,4
380,312.0,98.8,1,4
381,275.3,99.6,1,4
382,302.1,99.5,1,4
383,311.6,100.0,1,4
384,314.7,94.2,1,4
385,332.0,97.3,1,4
386,320.3,99.3,1,4
387,316.7,99.8,1,4
388,281.6,100.0,1,4
389,304.3,99.6,1,4
390,310.5,100.0,1,4
391,290.8,98.8,1,4
392,340.3,95.8,1,4
393,314.3,99.1,1,4
395,304.9,100.0,1,4
396,329.7,99.6,1,4
397,346.1,98.8,1,4
398,320.6,98.4,1,4
399,306.1,99.4,1,4
400,329.6,99.1,1,4
401,346.2,97.6,1,4
402,318.8,99.5,1,4
403,292.2,99.6,1,4
404,311.5,99.6,1,4
405,315.5,95.5,1,4
406,359.6,92.4,1,4
407,298.7,99.6,1,4
408,286.0,100.0,1,4
409,284.6,100.0,1,4
411,311.8,99.6,1,4
412,332.8,98.9,1,4
413,328.4,100.0,1,4
414,312.0,99.7,1,4
415,327.1,98.7,1,4
416,348.1,95.0,1,4
417,333.6,95.9,1,4
418,296.7,100.0,1,4
419,295.3,100.0,1,4
420,293.4,100.0,1,4
421,317.1,100.0,1,4
422,293.8,99.5,1,4
423,324.5,98.7,1,4
424,312.9,99.6,1,4
425,299.1,100.0,1,4
426,328.6,98.9,1,4
428,304.6,100.0,1,4
429,311.7,99.0,1,4
430,315.0,97.9,1,4
431,331.5,98.0,1,4
432,325.6,100.0,1,4
433,313.8,100.0,1,4
434,318.6,100.0,1,4
435,287.9,100.0,1,4
436,330.1,99.3,1,4
437,323.2,100.0,1,4
438,334.2,96.4,1,4
439,314.3,100.0,1,4
440,293.2,99.3,1,4
442,350.5,97.5,1,4
443,310.0,99.6,1,4
444,289.9,100.0,1,4
445,326.2,100.0,1,4
446,303.0,98.9,1,4
447,320.2,99.8,1,4
448,300.7,99.6,1,4
449,319.9,99.6,1,4
450,331.1,95.9,1,4
451,323.2,100.0,1,4
452,328.4,100.0,1,4
453,279.7,100.0,1,4
454,309.0,98.8,1,4
455,321.8,99.8,1,4
456,318.7,100.0,1,4
458,328.6,99.5,1,4
459,302.6,99.8,1,4
460,325.7,99.5,1,4
461,312.1,99.6,1,4
462,333.7,98.3,1,4
463,290.9,100.0,1,4
464,256.0,99.5,1,4
465,332.0,98.0,1,4
466,297.2,99.6,1,4
467,316.1,98.4,1,4
468,356.8,91.7,1,4
469,308.2,100.0,1,4
470,282.8,100.0,1,4
472,318.8,100.0,1,4
473,308.6,99.6,1,4
474,300.5,100.0,1,4
475,320.2,99.8,1,4
476,323.8,98.9,1,4
477,317.4,98.8,1,4
478,355.6,96.4,1,4
479,309.0,99.8,1,4
480,301.0,99.8,1,4
481,319.8,100.0,1,4
482,304.9,99.6,1,4
483,305.1,100.0,1,4
484,297.8,99.8,1,4
485,317.1,99.6,1,4
487,330.3,97.9,1,4
488,326.9,96.7,1,4
489,343.4,95.3,1,4
490,324.7,98.4,1,4
491,270.6,100.0,1,4
492,291.6,100.0,1,4
493,324.8,99.8,1,4
494,309.5,99.8,1,4
495,324.4,99.8,1,4
496,319.7,99.6,1,4
497,323.5,99.5,1,4
498,316.9,98.9,1,4
499,326.0,98.2,1,4
500,291.8,99.1,1,4
501,316.5,98.9,1,4
502,325.3,99.6,1,4
504,300.7,98.7,1,4
505,345.6,98.0,1,4
506,333.6,96.6,1,4
507,299.6,100.0,1,4
508,318.3,100.0,1,4
509,287.2,98.0,1,4
510,351.3,93.1,1,4
511,320.8,98.8,1,4
512,278.8,100.0,1,4
513,299.7,100.0,1,4
514,288.7,100.0,1,4
515,295.7,99.3,1,4
516,315.1,100.0,1,4
517,299.3,99.6,1,4
518,347.1,89.5,1,4
520,340.9,94.5,1,4
521,303.4,100.0,1,4
522,295.5,100.0,1,4
523,313.0,100.0,1,4
524,325.9,100.0,1,4
525,297.4,100.0,1,4
526,333.2,98.0,1,4
527,313.8,99.4,1,4
528,313.0,100.0,1,4
529,335.8,95.7,1,4
530,368.7,82.6,1,4
531,319.2,98.9,1,4
532,269.4,100.0,1,4
533,281.0,100.0,1,4
534,303.1,100.0,1,4
536,297.9,99.6,1,4
537,304.6,99.1,1,4
538,335.5,99.6,1,4
539,291.7,100.0,1,4
540,299.2,99.6,1,4
541,313.8,98.6,1,4
542,317.4,99.3,1,4
543,336.2,95.1,1,4
544,309.4,96.7,1,4
545,330.8,99.0,1,4
546,323.7,100.0,1,4
547,334.0,99.8,1,4
548,288.0,99.8,1,4
549,316.5,100.0,1,4
551,292.6,99.4,1,4
552,293.0,98.4,1,4
553,307.2,100.0,1,4
554,316.2,97.6,1,4
555,345.6,98.0,1,4
556,296.0,100.0,1,4
557,290.8,100.0,1,4
558,322.1,100.0,1,4
559,304.9,99.5,1,4
560,287.9,99.8,1,4
561,332.3,98.0,1,4
562,293.4,99.6,1,4
564,308.7,99.3,1,4
565,315.7,98.7,1,4
566,328.5,96.5,1,4
567,303.6,99.5,1,4
568,327.4,98.5,1,4
569,318.2,99.5,1,4
570,329.2,99.8,1,4
571,327.8,95.3,1,4
572,303.9,98.7,1,4
573,322.7,99.8,1,4
574,304.4,100.0,1,4
575,311.3,100.0,1,4
576,312.0,98.9,1,4
577,321.3,99.0,1,4
578,304.2,100.0,1,4
579,320.8,100.0,1,4
581,311.8,99.6,1,4
582,328.2,98.7,1,4
583,332.6,99.3,1,4
584,303.1,99.6,1,4
585,335.6,98.7,1,4
586,315.3,100.0,1,4
587,293.8,99.1,1,4
588,342.7,97.7,1,4
589,338.6,99.8,1,4
590,304.2,100.0,1,4
591,323.5,98.3,1,4
592,303.3,100.0,1,4
593,315.1,100.0,1,4
594,326.0,100.0,1,4
595,310.8,100.0,1,4
597,297.4,99.6,1,4
598,318.4,100.0,1,4
599,324.0,98.4,1,4
600,286.5,99.8,1,4
601,264.0,100.0,1,4
602,281.4,100.0,1,4
603,325.8,96.0,1,4
604,273.6,99.1,1,4
605,280.1,99.8,1,4
606,298.9,100.0,1,4
607,269.0,100.0,1,4
608,329.2,98.6,1,4
609,320.2,99.6,1,4
610,282.4,100.0,1,4
611,314.4,100.0,1,4
612,319.0,97.6,1,4
614,318.2,100.0,1,4
615,333.6,96.7,1,4
616,339.0,100.0,1,4
617,337.8,100.0,1,4
618,288.3,100.0,1,4
619,311.3,99.8,1,4
620,298.7,100.0,1,4
621,288.2,98.2,1,4
622,331.2,98.9,1,4
623,318.0,99.8,1,4
624,309.6,100.0,1,4
625,322.7,99.1,1,4
626,309.3,100.0,1,4
627,324.9,100.0,1,4
628,301.1,99.1,1,4
629,314.3,99.4,1,4
631,319.5,98.4,1,4
632,312.4,99.8,1,4
633,340.9,95.5,1,4
634,351.2,95.2,1,4
635,310.5,100.0,1,4
636,293.3,100.0,1,4
637,299.4,99.8,1,4
638,317.6,98.9,1,4
639,333.8,97.8,1,4
640,314.1,100.0,1,4
641,300.5,99.8,1,4
642,344.9,97.8,1,4
643,327.1,98.9,1,4
644,310.8,100.0,1,4
645,295.3,98.8,1,4
646,325.1,98.0,1,4
648,325.0,99.8,1,4
649,321.3,99.5,1,4
650,318.4,99.1,1,4
651,324.0,99.3,1,4
652,322.7,99.3,1,4
653,325.3,96.2,1,4
654,337.8,98.0,1,4
655,327.4,99.8,1,4
656,301.1,99.7,1,4
657,303.4,99.5,1,4
658,313.6,99.6,1,4
659,325.5,99.6,1,4
660,316.9,97.8,1,4
662,283.6,100.0,1,4
663,279.3,99.8,1,4
664,297.4,98.9,1,4
665,315.6,98.9,1,4
666,293.4,99.5,1,4
667,298.1,99.1,1,4
668,321.8,98.1,1,4
669,264.9,99.5,1,4
670,321.4,100.0,1,4
671,298.0,100.0,1,4
672,303.5,99.3,1,4
673,323.0,98.2,1,4
674,316.4,97.8,1,4
675,355.9,93.5,1,4
677,284.2,100.0,1,4
678,294.6,100.0,1,4
679,307.8,100.0,1,4
680,263.9,100.0,1,4
681,255.0,100.0,1,4
682,287.0,100.0,1,4
683,313.3,100.0,1,4
684,324.9,98.9,1,4
685,258.4,100.0,1,4
686,282.6,97.9,1,4
687,322.3,97.4,1,4
689,254.0,100.0,1,4
690,231.6,100.0,1,4
691,258.4,100.0,1,4
692,265.2,100.0,1,4
693,260.4,100.0,1,4
694,317.9,100.0,1,4
695,316.1,99.6,1,4
696,343.3,95.8,1,4
697,320.5,96.5,1,4
698,340.4,96.7,1,4
699,296.2,100.0,1,4
701,230.9,100.0,1,4
702,298.9,100.0,1,4
703,322.1,99.8,1,4
704,317.7,100.0,1,4
705,305.4,99.3,1,4
706,343.6,99.6,1,4
707,335.9,99.5,1,4
708,312.7,98.6,1,4
709,316.0,100.0,1,4
710,311.4,99.0,1,4
711,299.6,100.0,1,4
712,311.8,99.0,1,4
714,287.8,100.0,1,4
715,277.5,100.0,1,4
716,267.2,99.7,1,4
717,287.9,100.0,1,4
718,282.5,99.6,1,4
719,278.2,99.8,1,4
720,299.9,99.7,1,4
721,256.1,99.8,1,4
723,276.3,99.7,1,4
724,294.2,99.5,1,4
725,283.9,99.3,1,4
726,306.0,99.5,1,4
727,322.3,99.3,1,4
728,303.3,100.0,1,4
729,311.8,99.8,1,4
730,295.3,100.0,1,4
731,284.1,99.6,1,4
732,303.3,100.0,1,4
733,303.2,100.0,1,4
735,277.7,99.5,1,4
736,272.4,100.0,1,4
737,267.8,100.0,1,4
738,341.3,98.0,1,4
739,284.1,100.0,1,4
740,229.6,100.0,1,4
741,259.7,100.0,1,4
742,300.9,99.5,1,4
743,288.0,99.3,1,4
744,306.4,100.0,1,4
746,310.9,99.0,1,4
747,329.1,96.6,1,4
748,339.8,99.1,1,4
749,301.0,100.0,1,4
750,313.1,100.0,1,4
751,303.2,100.0,1,4
752,290.2,100.0,1,4
753,280.4,99.8,1,4
754,288.2,99.3,1,4
755,302.2,99.7,1,4
756,272.9,99.6,1,4
757,285.2,99.5,1,4
758,240.5,100.0,1,4
760,322.6,99.8,1,4
761,350.9,97.8,1,4
762,319.5,100.0,1,4
763,321.0,98.6,1,4
764,288.8,99.5,1,4
765,295.7,99.6,1,4
766,240.6,100.0,1,4
767,248.7,100.0,1,4
768,267.5,100.0,1,4
769,247.4,100.0,1,4
770,299.3,99.8,1,4
772,306.1,99.5,1,4
773,263.0,100.0,1,4
774,284.2,100.0,1,4
775,291.1,100.0,1,4
776,306.0,99.6,1,4
777,308.2,99.4,1,4
778,303.4,100.0,1,4
779,268.7,100.0,1,4
780,322.6,98.7,1,4
781,324.3,98.2,1,4
782,255.9,100.0,1,4
783,307.3,100.0,1,4
784,261.1,100.0,1,4
786,268.8,100.0,1,4
787,281.6,99.6,1,4
788,291.2,99.5,1,4
789,293.7,100.0,1,4
790,317.4,100.0,1,4
791,335.1,97.6,1,4
792,290.5,100.0,1,4
793,322.2,99.5,1,4
794,268.6,100.0,1,4
795,292.7,99.3,1,4
796,289.2,99.1,1,4
798,286.3,99.3,1,4
799,316.0,100.0,1,4
800,239.6,100.0,1,4
801,279.7,99.8,1,4
802,357.5,98.9,1,4
803,306.6,100.0,1,4
804,275.1,100.0,1,4
805,279.2,100.0,1,4
806,308.0,100.0,1,4
807,322.2,100.0,1,4
809,292.3,100.0,1,4
810,312.9,99.3,1,4
811,307.0,98.5,1,4
812,278.1,99.8,1,4
813,286.5,99.1,1,4
814,247.0,100.0,1,4
815,265.0,99.8,1,4
816,282.4,100.0,1,4
817,282.2,99.7,1,4
818,256.9,100.0,1,4
819,295.8,99.8,1,4
820,334.7,98.2,1,4
822,308.5,99.7,1,4
823,330.7,100.0,1,4
824,328.3,99.1,1,4
825,289.1,100.0,1,4
826,297.8,99.6,1,4
827,290.0,100.0,1,4
828,291.2,99.5,1,4
829,326.7,100.0,1,4
830,312.7,100.0,1,4
831,300.0,99.6,1,4
832,347.0,98.4,1,4
833,309.3,98.5,1,4
834,291.3,99.6,1,4
836,257.6,100.0,1,4
837,305.4,100.0,1,4
838,306.0,99.1,1,4
839,298.4,99.7,1,4
840,331.9,99.8,1,4
841,346.2,91.7,1,4
842,301.5,98.1,1,4
843,241.7,100.0,1,4
844,249.4,100.0,1,4
846,263.8,100.0,1,4
847,312.6,100.0,1,4
848,303.8,99.6,1,4
849,312.4,100.0,1,4
850,376.1,93.9,1,4
851,305.1,99.8,1,4
852,288.2,99.8,1,4
853,332.1,100.0,1,4
854,286.3,99.8,1,4
855,358.7,93.1,1,4
856,312.2,99.8,1,4
857,265.1,100.0,1,4
858,302.5,100.0,1,4
860,258.9,100.0,1,4
861,263.6,100.0,1,4
862,323.2,100.0,1,4
863,300.2,100.0,1,4
864,324.8,100.0,1,4
865,323.0,98.9,1,4
866,260.5,99.7,1,4
867,303.7,99.3,1,4
868,301.6,99.3,1,4
870,259.6,100.0,1,4
871,298.1,99.8,1,4
872,272.4,100.0,1,4
873,286.0,99.8,1,4
874,305.7,100.0,1,4
875,287.2,100.0,1,4
876,317.6,97.0,1,4
877,302.3,100.0,1,4
878,270.4,100.0,1,4
879,271.6,100.0,1,4
881,289.8,100.0,1,4
882,319.2,100.0,1,4
883,310.8,99.5,1,4
884,309.9,99.1,1,4
885,324.6,99.5,1,4
886,342.3,99.6,1,4
887,267.5,99.6,1,4
888,279.4,99.3,1,4
889,291.8,99.8,1,4
890,318.1,100.0,1,4
891,310.2,100.0,1,4
893,299.6,100.0,1,4
894,284.7,100.0,1,4
895,324.7,99.3,1,4
896,319.8,99.3,1,4
897,322.8,96.9,1,4
898,341.6,97.9,1,4
899,273.4,100.0,1,4
900,264.8,100.0,1,4
901,262.0,100.0,1,4
902,262.4,100.0,1,4
904,307.5,99.8,1,4
905,283.9,100.0,1,4
906,291.1,100.0,1,4
907,284.3,98.8,1,4
908,284.1,99.7,1,4
909,252.7,99.5,1,4
910,320.3,100.0,1,4
911,280.6,100.0,1,4
912,330.2,98.1,1,4
913,357.1,92.0,1,4
914,287.7,100.0,1,4
915,298.2,100.0,1,4
917,292.1,100.0,1,4
918,353.5,97.6,1,4
919,296.8,99.8,1,4
920,290.6,99.8,1,4
921,247.4,100.0,1,4
922,263.5,100.0,1,4
923,285.1,100.0,1,4
924,267.7,99.7,1,4
925,317.1,99.1,1,4
926,295.2,99.8,1,4
927,345.6,98.6,1,4
928,292.0,100.0,1,4
930,331.6,99.6,1,4
931,317.9,99.3,1,4
932,301.9,100.0,1,4
933,323.7,98.2,1,4
934,318.2,99.5,1,4
935,312.0,100.0,1,4
936,310.0,100.0,1,4
937,310.1,99.8,1,4
938,318.5,98.0,1,4
939,292.8,100.0,1,4
940,261.4,100.0,1,4
941,244.2,100.0,1,4
942,319.8,99.3,1,4
944,288.9,100.0,1,4
945,142.5,67.2,1,4
