t_s,api_cpu_pct_de_um_nucleo,sistema_cpu_pct,na_tomada
1,0.0,19.4,1
2,0.0,17.9,1
3,32.3,22.6,1
4,56.2,19.2,1
5,29.6,12.9,1
6,38.6,20.1,1
7,37.0,17.6,1
8,45.3,19.3,1
9,50.0,20.2,1
10,40.0,14.7,1
11,47.7,17.5,1
12,45.3,26.2,1
13,49.4,26.4,1
14,53.0,19.1,1
15,74.9,25.0,1
16,78.7,32.4,1
17,73.4,32.6,1
18,82.8,34.6,1
19,68.2,25.2,1
20,85.5,27.2,1
21,83.0,31.9,1
22,88.8,32.3,1
23,77.2,36.3,1
24,87.7,38.1,1
25,91.5,33.0,1
26,82.2,36.2,1
27,96.8,38.7,1
28,77.5,39.9,1
29,37.3,16.1,1
30,34.4,17.1,1
31,30.9,15.0,1
32,29.6,16.8,1
33,38.5,20.4,1
34,24.9,15.3,1
35,34.1,16.6,1
36,60.8,37.4,1
37,61.5,21.6,1
38,63.1,30.5,1
39,64.0,35.2,1
40,61.5,24.5,1
41,30.9,18.2,1
42,32.3,15.3,1
43,45.3,22.1,1
44,26.4,15.5,1
45,40.3,25.6,1
46,45.3,21.9,1
47,27.7,19.0,1
48,53.8,35.0,1
49,53.9,22.9,1
50,21.5,13.5,1
51,31.2,13.6,1
52,29.3,14.9,1
53,30.7,19.3,1
54,25.0,14.0,1
55,34.0,21.8,1
56,37.4,20.3,1
57,33.9,18.4,1
58,32.8,25.4,1
59,33.9,17.4,1
60,29.2,18.6,1
61,25.0,13.5,1
62,29.3,16.3,1
64,26.2,18.0,1
65,29.7,9.7,1
66,43.1,28.4,1
67,55.6,32.8,1
68,54.6,24.6,1
69,48.4,35.6,1
70,51.0,34.2,1
71,35.9,17.1,1
72,14.1,14.8,1
73,40.3,21.7,1
74,46.7,27.3,1
75,49.3,34.1,1
76,74.3,33.1,1
77,28.0,18.5,1
78,26.2,15.4,1
79,34.0,26.5,1
80,20.2,15.5,1
81,21.5,14.9,1
82,32.6,21.5,1
83,21.7,12.5,1
84,35.5,29.9,1
85,49.5,34.8,1
86,43.4,33.7,1
87,38.5,23.1,1
88,29.4,16.2,1
89,38.8,24.8,1
90,60.9,35.6,1
91,65.2,32.1,1
92,55.8,18.5,1
93,25.0,13.6,1
94,28.0,20.5,1
95,48.0,21.8,1
96,32.3,22.3,1
97,51.5,34.2,1
98,42.2,21.8,1
99,38.5,21.9,1
100,64.7,41.7,1
101,53.9,33.6,1
102,66.1,38.8,1
103,57.8,31.3,1
104,55.4,29.5,1
105,59.9,38.4,1
106,46.3,32.8,1
107,35.8,18.1,1
108,43.2,23.5,1
109,65.1,32.2,1
110,59.1,32.4,1
111,57.1,34.8,1
112,41.5,18.5,1
113,24.6,11.0,1
114,26.6,18.2,1
115,30.9,13.6,1
116,48.4,29.2,1
117,69.6,41.1,1
118,54.4,20.5,1
119,20.3,14.9,1
120,44.7,35.8,1
121,60.2,34.8,1
122,52.9,32.2,1
123,67.6,34.1,1
124,46.7,26.4,1
125,31.0,19.7,1
126,39.0,25.5,1
127,44.7,20.0,1
128,20.0,12.3,1
129,25.0,15.0,1
130,52.7,32.5,1
131,52.9,33.0,1
132,57.7,39.0,1
133,44.8,26.3,1
134,28.1,13.6,1
135,41.6,33.5,1
136,58.6,36.3,1
137,37.4,20.1,1
138,30.8,14.0,1
139,30.9,14.4,1
140,28.1,18.5,1
141,24.6,17.2,1
142,27.9,10.1,1
143,32.6,13.4,1
144,34.3,15.5,1
145,37.2,20.5,1
146,56.0,34.4,1
147,63.1,32.6,1
148,61.9,31.1,1
149,24.9,14.6,1
150,43.7,28.2,1
151,52.7,24.2,1
152,20.2,13.8,1
153,26.6,14.8,1
154,23.4,15.8,1
155,43.6,28.2,1
156,64.9,38.5,1
157,45.0,27.6,1
158,24.8,15.5,1
159,23.4,12.8,1
160,39.0,24.0,1
161,52.8,31.2,1
162,63.8,36.4,1
163,20.3,11.8,1
164,30.9,13.0,1
165,36.9,29.2,1
166,52.9,30.7,1
167,21.6,14.8,1
168,18.5,17.0,1
169,20.0,13.5,1
170,37.5,23.1,1
171,35.5,17.8,1
172,34.4,15.8,1
173,18.5,13.4,1
174,18.5,14.7,1
175,26.6,23.9,1
176,50.8,33.0,1
177,60.7,31.0,1
178,63.3,34.6,1
179,34.4,17.7,1
180,33.9,23.3,1
181,34.4,17.8,1
182,27.8,14.9,1
183,21.8,13.4,1
184,15.6,10.5,1
185,29.6,23.4,1
186,51.2,35.4,1
187,43.6,29.0,1
188,32.3,17.2,1
190,32.3,16.4,1
191,39.1,23.5,1
192,24.6,13.0,1
193,30.8,17.6,1
194,26.5,11.1,1
195,18.8,12.8,1
196,24.7,20.7,1
197,31.2,18.3,1
198,35.9,19.1,1
199,23.2,12.8,1
200,23.4,13.1,1
201,23.3,16.3,1
202,26.5,15.1,1
203,29.6,12.5,1
204,20.3,13.3,1
205,32.4,17.2,1
206,32.7,21.3,1
207,60.0,33.1,1
208,47.8,32.8,1
209,43.7,19.7,1
210,24.6,11.3,1
211,23.2,15.9,1
212,21.8,11.6,1
213,29.7,15.7,1
214,31.0,14.9,1
215,20.2,14.7,1
216,34.3,31.0,1
217,51.2,37.5,1
218,31.1,15.1,1
219,27.7,12.9,1
220,38.9,16.7,1
221,26.3,17.3,1
222,18.7,20.1,1
223,23.2,16.0,1
224,21.8,12.9,1
225,35.4,14.5,1
226,29.5,21.3,1
227,40.3,28.5,1
228,26.1,12.3,1
229,25.0,12.5,1
230,21.6,12.4,1
231,36.9,15.1,1
232,29.5,18.6,1
233,26.4,13.5,1
234,37.5,15.7,1
235,26.5,13.9,1
236,38.6,25.6,1
237,51.5,43.2,1
238,52.4,28.2,1
239,23.1,15.1,1
240,21.8,15.4,1
241,27.8,14.7,1
242,20.3,18.8,1
243,27.7,18.6,1
244,17.2,11.3,1
245,24.7,13.5,1
246,45.3,26.4,1
247,53.9,41.1,1
248,59.2,35.3,1
249,67.9,34.0,1
250,49.3,29.8,1
251,18.5,11.6,1
252,28.1,17.0,1
253,23.1,14.3,1
254,18.7,11.2,1
255,21.6,13.9,1
256,32.4,23.0,1
257,21.8,17.4,1
258,28.1,13.0,1
259,26.3,13.5,1
260,21.8,10.5,1
261,43.7,17.1,1
262,27.8,17.0,1
263,18.7,14.0,1
264,26.2,15.3,1
265,23.1,13.4,1
266,29.6,18.1,1
267,29.3,26.0,1
268,60.3,36.1,1
269,52.9,35.7,1
270,54.6,29.4,1
271,55.5,30.8,1
272,46.9,37.1,1
273,46.8,29.8,1
274,35.6,21.6,1
275,28.0,14.7,1
276,23.1,22.0,1
277,24.7,17.3,1
278,28.0,14.0,1
279,32.4,15.2,1
280,26.4,14.9,1
281,21.7,13.2,1
282,51.5,35.6,1
283,35.8,27.3,1
284,32.5,18.6,1
285,20.3,14.1,1
286,29.6,15.7,1
287,29.4,16.6,1
288,24.6,17.9,1
289,31.0,15.2,1
290,26.4,17.3,1
291,32.3,15.6,1
292,29.2,13.9,1
293,23.4,16.1,1
294,46.7,30.9,1
295,35.4,21.8,1
296,32.5,20.5,1
297,24.6,15.2,1
298,26.4,13.2,1
299,26.4,13.0,1
300,24.9,19.1,1
301,33.9,16.1,1
302,30.8,15.1,1
303,24.6,18.3,1
304,25.0,12.8,1
305,20.0,11.9,1
306,49.1,37.8,1
307,49.3,26.4,1
308,35.9,22.9,1
309,23.1,13.0,1
310,23.2,12.2,1
311,23.3,15.6,1
312,40.6,27.5,1
313,46.2,25.8,1
314,61.8,32.2,1
315,46.8,33.3,1
316,59.3,33.1,1
317,40.0,30.4,1
319,49.3,31.6,1
320,32.8,16.9,1
321,43.1,27.9,1
322,47.8,28.9,1
323,23.4,12.8,1
324,26.5,22.1,1
325,57.3,30.4,1
326,40.5,22.8,1
327,30.9,16.1,1
328,24.7,17.4,1
329,23.4,17.1,1
330,25.0,12.2,1
331,29.4,17.3,1
332,34.2,14.2,1
333,24.6,16.2,1
334,27.9,16.5,1
335,21.8,10.9,1
336,20.3,15.9,1
337,29.4,18.3,1
338,12.4,10.1,1
339,34.4,18.9,1
340,32.4,19.6,1
341,28.1,18.9,1
342,20.0,13.7,1
343,20.2,14.4,1
344,32.6,22.6,1
345,51.5,32.5,1
346,48.3,36.8,1
347,61.8,35.9,1
348,56.9,38.0,1
349,51.2,29.0,1
350,34.2,19.7,1
351,26.5,12.2,1
352,27.9,16.7,1
353,31.1,20.5,1
354,18.7,13.2,1
355,29.6,16.4,1
356,27.8,17.1,1
357,29.2,18.4,1
358,17.1,17.8,1
359,32.4,17.3,1
360,35.4,23.7,1
361,31.1,15.7,1
362,24.8,10.0,1
363,23.4,16.5,1
364,30.8,17.5,1
365,26.2,18.2,1
366,33.8,26.0,1
367,60.8,36.3,1
368,20.1,17.7,1
369,33.9,15.0,1
370,33.9,16.2,1
371,25.0,12.9,1
372,29.3,12.6,1
373,28.1,15.7,1
374,37.4,16.5,1
375,29.3,16.3,1
376,16.9,13.4,1
377,35.9,15.1,1
378,21.5,18.2,1
379,29.3,13.9,1
380,18.7,17.5,1
381,27.8,13.6,1
382,20.3,9.1,1
383,23.4,12.6,1
384,30.8,13.1,1
385,20.0,20.5,1
386,37.4,24.9,1
387,54.0,38.7,1
388,50.0,34.0,1
389,58.5,30.4,1
390,63.1,31.0,1
391,31.2,14.6,1
392,30.8,15.8,1
393,21.9,15.3,1
394,29.4,17.2,1
395,23.3,17.7,1
396,25.0,17.8,1
397,26.3,15.0,1
398,39.0,19.5,1
399,30.8,17.7,1
400,35.4,16.7,1
401,21.5,13.6,1
402,20.0,14.1,1
403,18.5,11.7,1
404,20.2,14.2,1
405,24.6,20.5,1
406,59.1,28.7,1
407,60.3,32.7,1
408,39.0,27.9,1
409,59.1,30.7,1
410,31.0,17.5,1
411,23.1,13.4,1
412,27.9,12.3,1
413,29.4,13.9,1
414,29.6,18.6,1
415,34.3,15.6,1
416,35.6,23.3,1
417,32.3,16.8,1
418,60.7,31.0,1
419,61.8,32.3,1
420,47.7,36.0,1
421,40.4,18.4,1
422,29.5,12.8,1
423,27.7,15.7,1
424,35.4,15.7,1
425,29.7,17.4,1
426,21.8,17.6,1
427,20.2,12.9,1
428,17.1,12.8,1
429,26.5,20.3,1
430,38.5,22.2,1
431,66.2,33.8,1
432,54.6,37.0,1
433,54.0,32.0,1
434,56.9,37.1,1
435,61.6,36.4,1
436,46.8,29.8,1
437,21.7,15.9,1
438,28.0,15.9,1
439,31.2,18.7,1
440,24.6,15.0,1
442,52.4,36.0,1
443,44.6,21.3,1
444,25.0,16.1,1
445,20.1,13.1,1
446,34.4,16.0,1
447,54.6,36.6,1
448,52.5,34.2,1
449,31.2,16.2,1
450,43.1,20.5,1
451,53.8,31.1,1
452,51.6,34.7,1
453,29.7,15.3,1
454,32.5,12.6,1
455,15.6,17.1,1
456,26.6,15.5,1
457,49.5,28.3,1
458,42.1,26.4,1
459,17.2,12.8,1
460,34.1,18.4,1
461,32.6,21.6,1
462,23.1,18.1,1
463,24.8,13.2,1
464,35.8,12.4,1
465,24.6,16.3,1
466,24.8,17.1,1
467,26.4,17.1,1
468,57.8,32.4,1
469,56.0,37.4,1
470,58.8,33.4,1
471,52.4,35.2,1
472,59.0,37.2,1
473,24.8,13.9,1
474,27.9,17.2,1
475,27.8,13.4,1
476,32.5,20.3,1
477,50.7,39.5,1
478,57.7,33.5,1
479,23.2,13.5,1
480,23.1,17.4,1
481,32.7,22.6,1
482,28.0,16.9,1
483,31.1,14.1,1
484,21.9,14.2,1
485,29.3,14.2,1
486,21.7,16.2,1
487,27.9,17.5,1
488,23.1,13.5,1
489,18.5,12.1,1
490,15.4,14.3,1
491,32.8,13.8,1
492,17.2,17.0,1
493,29.4,16.1,1
494,23.4,15.3,1
495,31.2,18.5,1
496,40.1,27.5,1
497,32.3,21.6,1
498,24.6,13.2,1
499,38.5,20.5,1
500,35.9,17.2,1
501,28.1,14.5,1
502,27.8,15.4,1
503,25.0,17.0,1
504,29.7,14.5,1
505,24.6,15.7,1
506,32.8,26.3,1
507,46.2,33.9,1
508,44.6,30.5,1
509,20.0,14.2,1
510,26.2,16.8,1
511,40.1,14.6,1
512,21.9,14.9,1
513,29.7,16.3,1
514,26.4,13.7,1
515,31.1,14.7,1
516,23.1,15.1,1
517,32.5,12.3,1
518,21.8,18.5,1
519,26.5,13.4,1
520,21.6,13.0,1
521,25.0,12.6,1
522,18.7,9.4,1
523,24.7,14.0,1
524,23.4,15.4,1
525,29.3,16.3,1
526,27.8,17.1,1
527,23.4,12.0,1
528,31.2,19.5,1
529,28.0,12.9,1
530,21.7,15.1,1
531,57.8,35.3,1
532,41.9,23.5,1
533,28.1,16.1,1
534,38.9,17.3,1
535,24.9,13.7,1
536,32.5,21.9,1
537,34.3,21.4,1
538,20.1,13.3,1
539,23.3,14.8,1
540,29.7,13.7,1
541,31.1,16.8,1
542,21.7,11.3,1
543,37.4,28.7,1
544,59.9,28.1,1
545,21.8,17.3,1
546,51.1,31.8,1
547,37.5,18.1,1
548,21.6,16.8,1
549,21.9,15.6,1
550,34.2,12.9,1
551,32.6,17.4,1
552,31.2,14.1,1
553,31.0,15.5,1
554,15.5,10.8,1
555,18.5,11.4,1
556,43.7,20.9,1
557,24.9,14.4,1
558,23.2,16.7,1
559,29.2,16.0,1
560,27.7,17.7,1
561,20.3,14.1,1
562,33.9,10.3,1
563,28.1,13.8,1
564,23.2,14.9,1
565,28.1,13.5,1
566,47.7,33.7,1
567,24.6,19.5,1
568,15.4,13.7,1
569,26.1,10.9,1
570,18.5,14.7,1
571,17.2,11.1,1
572,32.3,14.2,1
573,34.4,17.0,1
575,26.2,16.1,1
576,27.7,15.7,1
577,49.3,37.1,1
578,31.2,19.7,1
579,25.0,17.0,1
580,29.4,16.0,1
581,34.3,15.8,1
582,39.0,31.0,1
583,60.3,38.5,1
584,42.1,21.3,1
585,15.6,11.2,1
586,20.1,14.2,1
587,20.3,13.1,1
588,26.1,15.3,1
589,34.1,14.6,1
590,23.3,13.8,1
591,23.4,13.4,1
592,15.5,16.5,1
593,28.0,15.5,1
594,23.4,16.1,1
595,30.9,14.0,1
596,31.2,20.1,1
597,29.7,23.9,1
598,18.6,15.0,1
599,21.8,17.9,1
600,20.0,16.6,1
601,21.6,14.2,1
602,29.6,16.7,1
603,21.9,12.3,1
604,29.4,13.1,1
605,31.2,13.2,1
606,20.3,17.3,1
607,31.0,17.1,1
608,14.0,7.9,1
609,27.7,12.5,1
610,24.9,16.2,1
611,26.3,14.2,1
612,32.7,15.7,1
613,21.8,11.5,1
614,26.4,13.0,1
615,26.5,17.6,1
616,23.1,16.1,1
617,33.9,17.6,1
618,23.1,12.8,1
619,28.0,15.4,1
620,20.1,17.4,1
621,32.3,14.2,1
622,20.3,15.6,1
623,30.8,13.0,1
624,13.8,14.5,1
625,48.4,26.5,1
626,35.5,20.2,1
627,26.6,19.3,1
628,23.1,14.8,1
